{
  "patient_id": "H1",
  "train_seconds": 18668.76455593109,
  "epochs_done": 4779,
  "seconds_per_epoch": 3.9064165214335826,
  "inference_seconds_full_field": 0.015967800049111247,
  "inference_points": 169651,
  "n_params": 34806,
  "peak_gpu_mb": 1930.85952,
  "holdout_fraction": 0.2,
  "num_train": 135721,
  "num_holdout": 33930,
  "loss_weights": {
    "wss": 3330.5818163729687,
    "velocity": 17925.331393061762,
    "navier_stokes": 0.29086265706491604,
    "continuity": 0.6405126553075429,
    "wss_physics": 21955.48863466083
  },
  "loss_priorities": {
    "wss": 2.0,
    "velocity": 1.0,
    "navier_stokes": 1.0,
    "continuity": 1.0,
    "wss_physics": 1.0
  }
}