{
  "patient_id": "H3",
  "train_seconds": 4814.015239477158,
  "epochs_done": 2635,
  "seconds_per_epoch": 1.826950755019794,
  "inference_seconds_full_field": 0.02538703754544258,
  "inference_points": 114888,
  "n_params": 34806,
  "peak_gpu_mb": 1930.916864,
  "holdout_fraction": 0.2,
  "num_train": 91910,
  "num_holdout": 22978,
  "loss_weights": {
    "wss": 2077.8417927622227,
    "velocity": 8231.218565540285,
    "navier_stokes": 0.36506727981720916,
    "continuity": 0.44260153773680183,
    "wss_physics": 3064.6618831872315
  },
  "loss_priorities": {
    "wss": 2.0,
    "velocity": 1.0,
    "navier_stokes": 1.0,
    "continuity": 1.0,
    "wss_physics": 1.0
  }
}