{
  "patient_id": "H3",
  "train_seconds": 953.7903966903687,
  "epochs_done": 500,
  "seconds_per_epoch": 1.9075807933807374,
  "inference_seconds_full_field": 0.008210299994971137,
  "inference_points": 114888,
  "n_params": 34806,
  "peak_gpu_mb": 1952.292864,
  "holdout_fraction": 0.2,
  "num_train": 91910,
  "num_holdout": 22978,
  "loss_weights": {
    "wss": 13250.987694127563,
    "velocity": 23060.5221031272,
    "navier_stokes": 0.26129909048385674,
    "continuity": 0.8527045051774879,
    "wss_physics": 29044.8335644703
  },
  "loss_priorities": {
    "wss": 2.0,
    "velocity": 1.0,
    "navier_stokes": 1.0,
    "continuity": 1.0,
    "wss_physics": 1.0
  }
}