NRMSE_holdout,R2_holdout,lambda_NS_mult,n_holdout,pearson_r_holdout,sweep
0.01317937858402729,0.7790191173553467,0.01,27709,0.9247525930404663,lossweight
0.014549302868545055,0.7306920289993286,0.1,27709,0.9002951979637146,lossweight
0.01552246231585741,0.6934607028961182,1.0,27709,0.8878868222236633,lossweight
0.01807761751115322,0.5842355489730835,10.0,27709,0.8573634028434753,lossweight
0.020792432129383087,0.44998395442962646,100.0,27709,0.8439203500747681,lossweight
