NRMSE_holdout,R2_holdout,n_holdout,pearson_r_holdout,seed,sweep
0.009899605996906757,0.8753188848495483,27709,0.9558573961257935,0,seed
0.0072927107103168964,0.932338297367096,27709,0.9777424931526184,1,seed
0.00846130307763815,0.9089165925979614,27709,0.9718992114067078,2,seed
0.006306161172688007,0.9494064450263977,27709,0.9825842976570129,3,seed
0.008082480169832706,0.9168898463249207,27709,0.9729872941970825,4,seed
