NRMSE_holdout,R2_holdout,n_collocation,n_holdout,pearson_r_holdout,sweep
0.01747678592801094,0.6114131808280945,256,27709,0.8602439761161804,collocation
0.016810603439807892,0.6404731273651123,512,27709,0.8703804612159729,collocation
0.016529327258467674,0.6524035930633545,1024,27709,0.8733041882514954,collocation
0.016048507764935493,0.6723319292068481,2048,27709,0.8802557587623596,collocation
0.01552246231585741,0.6934607028961182,4096,27709,0.8878868222236633,collocation
