NRMSE_holdout,R2_holdout,lambda_NS_mult,n_holdout,pearson_r_holdout,sweep
0.00712919095531106,0.93533855676651,0.01,27709,0.9805931448936462,lossweight
0.00736661534756422,0.9309599995613098,0.1,27709,0.978403627872467,lossweight
0.009899605996906757,0.8753188848495483,1.0,27709,0.9558573961257935,lossweight
0.01287874300032854,0.7889857292175293,10.0,27709,0.920131504535675,lossweight
0.016899123787879944,0.6366766691207886,100.0,27709,0.875433623790741,lossweight
