NRMSE_holdout,R2_holdout,n_holdout,pearson_r_holdout,seed,sweep
0.01552246231585741,0.6934607028961182,27709,0.8878868222236633,0,seed
0.01215794775635004,0.8119447827339172,27709,0.942095160484314,1,seed
0.014750353991985321,0.7231976985931396,27709,0.9047634601593018,2,seed
0.01136767491698265,0.835597574710846,27709,0.9431998133659363,3,seed
0.013671649619936943,0.7622028589248657,27709,0.920725405216217,4,seed
