{
  "patient_id": "BG2",
  "train_seconds": 5908.399209737778,
  "epochs_done": 2994,
  "seconds_per_epoch": 1.9734132297053366,
  "inference_seconds_full_field": 0.026446636766195297,
  "inference_points": 132860,
  "n_params": 34806,
  "peak_gpu_mb": 1943.487488,
  "holdout_fraction": 0.2,
  "num_train": 106288,
  "num_holdout": 26572,
  "loss_weights": {
    "wss": 3256.4562568174147,
    "velocity": 12768.026571046632,
    "navier_stokes": 0.3164262685348637,
    "continuity": 0.5437991463588152,
    "wss_physics": 10062.040908854828
  },
  "loss_priorities": {
    "wss": 2.0,
    "velocity": 1.0,
    "navier_stokes": 1.0,
    "continuity": 1.0,
    "wss_physics": 1.0
  }
}