{
  "patient_id": "H2",
  "train_seconds": 7766.941883087158,
  "epochs_done": 2827,
  "seconds_per_epoch": 2.7474148861291683,
  "inference_seconds_full_field": 0.029393497854471207,
  "inference_points": 174491,
  "n_params": 34806,
  "peak_gpu_mb": 1930.916864,
  "holdout_fraction": 0.2,
  "num_train": 139593,
  "num_holdout": 34898,
  "loss_weights": {
    "wss": 2853.7395151065484,
    "velocity": 8267.272012309926,
    "navier_stokes": 0.32049446467209536,
    "continuity": 0.5322794508012403,
    "wss_physics": 3482.8473310512427
  },
  "loss_priorities": {
    "wss": 2.0,
    "velocity": 1.0,
    "navier_stokes": 1.0,
    "continuity": 1.0,
    "wss_physics": 1.0
  }
}