{
  "patient_id": "BG2",
  "train_seconds": 4729.65047121048,
  "epochs_done": 2987,
  "seconds_per_epoch": 1.5834116073687579,
  "inference_seconds_full_field": 0.01331319659948349,
  "inference_points": 94974,
  "n_params": 34806,
  "peak_gpu_mb": 1940.31616,
  "holdout_fraction": 0.2,
  "num_train": 75979,
  "num_holdout": 18995,
  "loss_weights": {
    "wss": 7376.004937376214,
    "velocity": 15288.720189010255,
    "navier_stokes": 0.28699351987028143,
    "continuity": 0.6599948989873848,
    "wss_physics": 9902.359103995159
  },
  "loss_priorities": {
    "wss": 2.0,
    "velocity": 1.0,
    "navier_stokes": 1.0,
    "continuity": 1.0,
    "wss_physics": 1.0
  }
}