{
  "patient_id": "BG2",
  "train_seconds": 1006.848845243454,
  "epochs_done": 500,
  "seconds_per_epoch": 2.013697690486908,
  "inference_seconds_full_field": 0.005834699986735359,
  "inference_points": 94974,
  "n_params": 34806,
  "peak_gpu_mb": 1952.748544,
  "holdout_fraction": 0.2,
  "num_train": 75979,
  "num_holdout": 18995,
  "loss_weights": {
    "wss": 4560.544801687605,
    "velocity": 16838.148674235326,
    "navier_stokes": 0.27517321719585736,
    "continuity": 0.7324834688474864,
    "wss_physics": 4786.054912375274
  },
  "loss_priorities": {
    "wss": 2.0,
    "velocity": 1.0,
    "navier_stokes": 1.0,
    "continuity": 1.0,
    "wss_physics": 1.0
  }
}