{
  "patient_id": "H3",
  "train_seconds": 2281.9302973747253,
  "epochs_done": 2863,
  "seconds_per_epoch": 0.7970416686604,
  "inference_seconds_full_field": 0.0048615336418151855,
  "inference_points": 48158,
  "n_params": 34806,
  "peak_gpu_mb": 1940.31616,
  "holdout_fraction": 0.2,
  "num_train": 38526,
  "num_holdout": 9632,
  "loss_weights": {
    "wss": 10368.315882461782,
    "velocity": 14169.037946473176,
    "navier_stokes": 0.2554625497834656,
    "continuity": 0.9214684583525261,
    "wss_physics": 22678.27924109127
  },
  "loss_priorities": {
    "wss": 2.0,
    "velocity": 1.0,
    "navier_stokes": 1.0,
    "continuity": 1.0,
    "wss_physics": 1.0
  }
}