{
  "patient_id": "BG4",
  "train_seconds": 783.062607049942,
  "epochs_done": 500,
  "seconds_per_epoch": 1.566125214099884,
  "inference_seconds_full_field": 0.007249400005093776,
  "inference_points": 78900,
  "n_params": 34806,
  "peak_gpu_mb": 1952.748544,
  "holdout_fraction": 0.2,
  "num_train": 63120,
  "num_holdout": 15780,
  "loss_weights": {
    "wss": 5110.18498085124,
    "velocity": 14111.368882564913,
    "navier_stokes": 0.33196701353299346,
    "continuity": 0.5032379773005082,
    "wss_physics": 16994.452103407326
  },
  "loss_priorities": {
    "wss": 2.0,
    "velocity": 1.0,
    "navier_stokes": 1.0,
    "continuity": 1.0,
    "wss_physics": 1.0
  }
}