{
  "patient_id": "BG3",
  "train_seconds": 1909.7958781719208,
  "epochs_done": 3000,
  "seconds_per_epoch": 0.6365986260573069,
  "inference_seconds_full_field": 0.003698773682117462,
  "inference_points": 35044,
  "n_params": 34806,
  "peak_gpu_mb": 1940.31616,
  "holdout_fraction": 0.2,
  "num_train": 28035,
  "num_holdout": 7009,
  "loss_weights": {
    "wss": 17773.213738836337,
    "velocity": 12515.10898600741,
    "navier_stokes": 0.274023927418471,
    "continuity": 0.7404972620538437,
    "wss_physics": 21129.657864034692
  },
  "loss_priorities": {
    "wss": 2.0,
    "velocity": 1.0,
    "navier_stokes": 1.0,
    "continuity": 1.0,
    "wss_physics": 1.0
  }
}