{
  "patient_id": "BG3",
  "train_seconds": 393.94827151298523,
  "epochs_done": 500,
  "seconds_per_epoch": 0.7878965430259705,
  "inference_seconds_full_field": 0.003634799999417737,
  "inference_points": 35044,
  "n_params": 34806,
  "peak_gpu_mb": 1952.748544,
  "holdout_fraction": 0.2,
  "num_train": 28035,
  "num_holdout": 7009,
  "loss_weights": {
    "wss": 4643.344253708116,
    "velocity": 17402.468091599134,
    "navier_stokes": 0.30098209211975807,
    "continuity": 0.59632599034603,
    "wss_physics": 8341.540973626687
  },
  "loss_priorities": {
    "wss": 2.0,
    "velocity": 1.0,
    "navier_stokes": 1.0,
    "continuity": 1.0,
    "wss_physics": 1.0
  }
}