{
  "patient_id": "BG4",
  "train_seconds": 8820.460771560669,
  "epochs_done": 2883,
  "seconds_per_epoch": 3.059473039042896,
  "inference_seconds_full_field": 0.027252431958913803,
  "inference_points": 196810,
  "n_params": 34806,
  "peak_gpu_mb": 1943.487488,
  "holdout_fraction": 0.2,
  "num_train": 157448,
  "num_holdout": 39362,
  "loss_weights": {
    "wss": 2988.002604519571,
    "velocity": 9325.675008379441,
    "navier_stokes": 0.3252649312298193,
    "continuity": 0.519575069412228,
    "wss_physics": 6376.197069844269
  },
  "loss_priorities": {
    "wss": 2.0,
    "velocity": 1.0,
    "navier_stokes": 1.0,
    "continuity": 1.0,
    "wss_physics": 1.0
  }
}