{
  "patient_id": "BG4",
  "train_seconds": 2199.616503715515,
  "epochs_done": 500,
  "seconds_per_epoch": 4.399233007431031,
  "inference_seconds_full_field": 0.01801819999673171,
  "inference_points": 196810,
  "n_params": 34806,
  "peak_gpu_mb": 1952.292864,
  "holdout_fraction": 0.2,
  "num_train": 157448,
  "num_holdout": 39362,
  "loss_weights": {
    "wss": 7998.036789671273,
    "velocity": 13777.545003197829,
    "navier_stokes": 0.2915571704489455,
    "continuity": 0.6370581342817894,
    "wss_physics": 9722.973290291484
  },
  "loss_priorities": {
    "wss": 2.0,
    "velocity": 1.0,
    "navier_stokes": 1.0,
    "continuity": 1.0,
    "wss_physics": 1.0
  }
}