{
  "patient_id": "D2",
  "train_seconds": 3560.9409368038177,
  "epochs_done": 2782,
  "seconds_per_epoch": 1.2799931476649238,
  "inference_seconds_full_field": 0.007398396730422974,
  "inference_points": 76787,
  "n_params": 34806,
  "peak_gpu_mb": 1940.31616,
  "holdout_fraction": 0.2,
  "num_train": 61430,
  "num_holdout": 15357,
  "loss_weights": {
    "wss": 2440.8957483237195,
    "velocity": 11125.661151151802,
    "navier_stokes": 0.33498010063015177,
    "continuity": 0.49663158124495665,
    "wss_physics": 3653.2134197834403
  },
  "loss_priorities": {
    "wss": 2.0,
    "velocity": 1.0,
    "navier_stokes": 1.0,
    "continuity": 1.0,
    "wss_physics": 1.0
  }
}