{
  "patient_id": "H4",
  "train_seconds": 5661.982512712479,
  "epochs_done": 2965,
  "seconds_per_epoch": 1.909606243747885,
  "inference_seconds_full_field": 0.04866660758852959,
  "inference_points": 117304,
  "n_params": 34806,
  "peak_gpu_mb": 1940.31616,
  "holdout_fraction": 0.2,
  "num_train": 93843,
  "num_holdout": 23461,
  "loss_weights": {
    "wss": 5296.29767165937,
    "velocity": 12382.773977290086,
    "navier_stokes": 0.3192801177159403,
    "continuity": 0.5354999831297835,
    "wss_physics": 12198.36598538528
  },
  "loss_priorities": {
    "wss": 2.0,
    "velocity": 1.0,
    "navier_stokes": 1.0,
    "continuity": 1.0,
    "wss_physics": 1.0
  }
}