{
  "patient_id": "D1",
  "train_seconds": 1413.4846119880676,
  "epochs_done": 500,
  "seconds_per_epoch": 2.826969223976135,
  "inference_seconds_full_field": 0.01043869998829905,
  "inference_points": 158426,
  "n_params": 34806,
  "peak_gpu_mb": 1952.292864,
  "holdout_fraction": 0.2,
  "num_train": 126741,
  "num_holdout": 31685,
  "loss_weights": {
    "wss": 10648.99887252867,
    "velocity": 14100.023804298075,
    "navier_stokes": 0.2881621618551051,
    "continuity": 0.6538373298758929,
    "wss_physics": 24620.922858681857
  },
  "loss_priorities": {
    "wss": 2.0,
    "velocity": 1.0,
    "navier_stokes": 1.0,
    "continuity": 1.0,
    "wss_physics": 1.0
  }
}