{
  "patient_id": "D1",
  "train_seconds": 7088.094985246658,
  "epochs_done": 2874,
  "seconds_per_epoch": 2.466282179974481,
  "inference_seconds_full_field": 0.05190885066986084,
  "inference_points": 158426,
  "n_params": 34806,
  "peak_gpu_mb": 1940.736512,
  "holdout_fraction": 0.2,
  "num_train": 126741,
  "num_holdout": 31685,
  "loss_weights": {
    "wss": 7196.439013637347,
    "velocity": 10899.246991860518,
    "navier_stokes": 0.30226286211554293,
    "continuity": 0.59132402874001,
    "wss_physics": 7604.514103386718
  },
  "loss_priorities": {
    "wss": 2.0,
    "velocity": 1.0,
    "navier_stokes": 1.0,
    "continuity": 1.0,
    "wss_physics": 1.0
  }
}