{
  "patient_id": "D1",
  "train_seconds": 1689.3734753131866,
  "epochs_done": 500,
  "seconds_per_epoch": 3.378746950626373,
  "inference_seconds_full_field": 0.01232769999478478,
  "inference_points": 170028,
  "n_params": 34806,
  "peak_gpu_mb": 1952.748544,
  "holdout_fraction": 0.2,
  "num_train": 136022,
  "num_holdout": 34006,
  "loss_weights": {
    "wss": 5059.907732874618,
    "velocity": 9457.708666642475,
    "navier_stokes": 0.3377009917552143,
    "continuity": 0.49064997746702793,
    "wss_physics": 5355.489782832946
  },
  "loss_priorities": {
    "wss": 2.0,
    "velocity": 1.0,
    "navier_stokes": 1.0,
    "continuity": 1.0,
    "wss_physics": 1.0
  }
}