{
  "patient_id": "D1",
  "train_seconds": 7958.963282823563,
  "epochs_done": 2938,
  "seconds_per_epoch": 2.708973207223813,
  "inference_seconds_full_field": 0.05717535689473152,
  "inference_points": 170028,
  "n_params": 34806,
  "peak_gpu_mb": 1940.31616,
  "holdout_fraction": 0.2,
  "num_train": 136022,
  "num_holdout": 34006,
  "loss_weights": {
    "wss": 14298.644252250511,
    "velocity": 29965.780397872062,
    "navier_stokes": 0.2309426056412581,
    "continuity": 1.4932052990382347,
    "wss_physics": 21599.56924816914
  },
  "loss_priorities": {
    "wss": 2.0,
    "velocity": 1.0,
    "navier_stokes": 1.0,
    "continuity": 1.0,
    "wss_physics": 1.0
  }
}