{
  "patient_id": "H4",
  "train_seconds": 4034.6834847927094,
  "epochs_done": 1000,
  "seconds_per_epoch": 4.034683484792709,
  "inference_seconds_full_field": 0.017135300033260137,
  "inference_points": 150636,
  "n_params": 34806,
  "peak_gpu_mb": 1949.343232,
  "holdout_fraction": 0.2,
  "num_train": 120509,
  "num_holdout": 30127,
  "loss_weights": {
    "wss": 3407.2692291490393,
    "velocity": 11817.391133454094,
    "navier_stokes": 0.40325969922657706,
    "continuity": 0.3969159779739602,
    "wss_physics": 8934.116647935487
  },
  "loss_priorities": {
    "wss": 2.0,
    "velocity": 1.0,
    "navier_stokes": 1.0,
    "continuity": 1.0,
    "wss_physics": 1.0
  }
}