{
  "patient_id": "H4",
  "train_seconds": 2457.086818933487,
  "epochs_done": 1000,
  "seconds_per_epoch": 2.457086818933487,
  "inference_seconds_full_field": 0.009826599969528615,
  "inference_points": 150636,
  "n_params": 34806,
  "peak_gpu_mb": 1949.343232,
  "holdout_fraction": 0.2,
  "num_train": 120509,
  "num_holdout": 30127,
  "loss_weights": {
    "wss": 4030.2569341626627,
    "velocity": 12398.572112566058,
    "navier_stokes": 0.34184951790786966,
    "continuity": 0.48215288846488036,
    "wss_physics": 7786.054984858193
  },
  "loss_priorities": {
    "wss": 2.0,
    "velocity": 1.0,
    "navier_stokes": 1.0,
    "continuity": 1.0,
    "wss_physics": 1.0
  }
}