{
  "patient_id": "BG3",
  "train_seconds": 1626.3132393360138,
  "epochs_done": 500,
  "seconds_per_epoch": 3.2526264786720276,
  "inference_seconds_full_field": 0.016351999998732936,
  "inference_points": 189951,
  "n_params": 34806,
  "peak_gpu_mb": 1952.292864,
  "holdout_fraction": 0.2,
  "num_train": 151961,
  "num_holdout": 37990,
  "loss_weights": {
    "wss": 5231.408595841734,
    "velocity": 10581.017039548224,
    "navier_stokes": 0.30190292384485085,
    "continuity": 0.5927571186244818,
    "wss_physics": 5932.492304147113
  },
  "loss_priorities": {
    "wss": 2.0,
    "velocity": 1.0,
    "navier_stokes": 1.0,
    "continuity": 1.0,
    "wss_physics": 1.0
  }
}