{
  "patient_id": "D3",
  "train_seconds": 6433.858520746231,
  "epochs_done": 2990,
  "seconds_per_epoch": 2.1517921474067663,
  "inference_seconds_full_field": 0.042477965354919434,
  "inference_points": 141604,
  "n_params": 34806,
  "peak_gpu_mb": 1940.736512,
  "holdout_fraction": 0.2,
  "num_train": 113283,
  "num_holdout": 28321,
  "loss_weights": {
    "wss": 10067.806457092804,
    "velocity": 12147.465897065711,
    "navier_stokes": 0.30852246339477957,
    "continuity": 0.5687109523229871,
    "wss_physics": 9854.93770707511
  },
  "loss_priorities": {
    "wss": 2.0,
    "velocity": 1.0,
    "navier_stokes": 1.0,
    "continuity": 1.0,
    "wss_physics": 1.0
  }
}