{
  "patient_id": "D3",
  "train_seconds": 1698.3872935771942,
  "epochs_done": 500,
  "seconds_per_epoch": 3.3967745871543884,
  "inference_seconds_full_field": 0.011915399998542853,
  "inference_points": 141604,
  "n_params": 34806,
  "peak_gpu_mb": 1952.292864,
  "holdout_fraction": 0.2,
  "num_train": 113283,
  "num_holdout": 28321,
  "loss_weights": {
    "wss": 8897.495350189101,
    "velocity": 17256.725662971457,
    "navier_stokes": 0.24540598434832422,
    "continuity": 1.0813986795483912,
    "wss_physics": 9201.331429734311
  },
  "loss_priorities": {
    "wss": 2.0,
    "velocity": 1.0,
    "navier_stokes": 1.0,
    "continuity": 1.0,
    "wss_physics": 1.0
  }
}