{
  "patient_id": "H4",
  "train_seconds": 1827.7632727622986,
  "epochs_done": 1500,
  "seconds_per_epoch": 1.218508848508199,
  "inference_seconds_full_field": 0.028709549456834793,
  "inference_points": 150636,
  "n_params": 34806,
  "peak_gpu_mb": 2391.428096,
  "holdout_fraction": 0.2,
  "num_train": 120509,
  "num_holdout": 30127,
  "loss_weights": {
    "wss": 4292.804613186721,
    "velocity": 10523.772425637571,
    "navier_stokes": 0.3210096324011061,
    "continuity": 0.5307660656344707,
    "wss_physics": 5036.367339297118
  },
  "loss_priorities": {
    "wss": 2.0,
    "velocity": 1.0,
    "navier_stokes": 1.0,
    "continuity": 1.0,
    "wss_physics": 1.0
  }
}