{
  "patient_id": "H4",
  "train_seconds": 6668.656457424164,
  "epochs_done": 2916,
  "seconds_per_epoch": 2.286919224082361,
  "inference_seconds_full_field": 0.027888111770153046,
  "inference_points": 150636,
  "n_params": 34806,
  "peak_gpu_mb": 1943.487488,
  "holdout_fraction": 0.2,
  "num_train": 120509,
  "num_holdout": 30127,
  "loss_weights": {
    "wss": 6090.587277496742,
    "velocity": 12451.033552024262,
    "navier_stokes": 0.303542837123076,
    "continuity": 0.5864823028155427,
    "wss_physics": 12181.133330105438
  },
  "loss_priorities": {
    "wss": 2.0,
    "velocity": 1.0,
    "navier_stokes": 1.0,
    "continuity": 1.0,
    "wss_physics": 1.0
  }
}